{
  "name": "RC-n23-k6",
  "n": 24,
  "m": 6,
  "prob_compat": 0.3,
  "layout": "RC",
  "coords": [
    [
      50.0,
      50.0
    ],
    [
      31.490821806817955,
      55.25577376970132
    ],
    [
      20.288369756438247,
      57.63214252943954
    ],
    [
      25.060511166086545,
      63.87750503992143
    ],
    [
      23.64541096216388,
      58.78862919157878
    ],
    [
      25.681021988849018,
      70.17003972059858
    ],
    [
      63.7778298456169,
      39.40543383265323
    ],
    [
      30.282141352394785,
      64.63581732959379
    ],
    [
      37.92426268131172,
      57.49877850023164
    ],
    [
      53.8693388162934,
      30.065155743329363
    ],
    [
      23.67204911430825,
      56.19505611163888
    ],
    [
      26.318223244745695,
      63.52191117360991
    ],
    [
      63.82704440052503,
      53.88705841038558
    ],
    [
      18.358048400086922,
      81.1583664060016
    ],
    [
      67.10258397936903,
      86.73561063523638
    ],
    [
      21.771375711165753,
      94.41793013411687
    ],
    [
      29.684641942143653,
      88.68635668237378
    ],
    [
      54.67818312776903,
      8.386754394304885
    ],
    [
      15.561189798607156,
      51.91929353560767
    ],
    [
      91.23661956165807,
      31.492460941892276
    ],
    [
      55.54407364797985,
      23.45712195659798
    ],
    [
      31.649522632649063,
      21.2851329113145
    ],
    [
      24.29907139436961,
      2.788952414572876
    ],
    [
      62.62944978518292,
      93.64194528644322
    ]
  ],
  "c": [
    [
      0.0,
      19.240915656622118,
      30.676221594580603,
      28.540554469560302,
      27.78136725253641,
      31.594986846608585,
      17.380259708331767,
      24.55608068385869,
      14.214609062000163,
      20.3068904171217,
      27.046990924421724,
      27.27028844865231,
      14.363021267819661,
      44.40784725858585,
      40.52164196469663,
      52.628963001748865,
      43.69608639654993,
      41.87538187547484,
      34.492250372560285,
      45.199422505827485,
      27.115698911168373,
      34.077611587823064,
      53.75333241116475,
      45.432613729141316
    ],
    [
      19.240915656622118,
      0.0,
      11.451727399100815,
      10.7556099330626,
      8.604158224562395,
      16.00590837094119,
      35.96782123256077,
      9.457596186472799,
      6.813239442936703,
      33.695181556031976,
      7.874989379993546,
      9.751143700338366,
      32.365176862866036,
      29.041591599543224,
      47.53080826279982,
      40.35024316552779,
      33.47933929432633,
      52.29109582175176,
      16.275296503274884,
      64.29817560331375,
      39.87120742171396,
      33.97101155811554,
      52.95742268186692,
      49.42784960007607
    ],
    [
      30.676221594580603,
      11.451727399100815,
      0.0,
      7.8598909993086234,
      3.550660087454974,
      13.648427164908,
      47.154491289438894,
      12.203562242987225,
      17.636397172378736,
      43.446751817190226,
      3.676207742919694,
      8.42902768842919,
      43.699449021954905,
      23.605282256920905,
      55.12333905974482,
      36.81566889733487,
      32.444632031264625,
      60.0646944243873,
      7.415043761168625,
      75.61042986203843,
      49.10088276235169,
      38.08124082611683,
      54.98964656736679,
      55.58302755876897
    ],
    [
      28.540554469560302,
      10.7556099330626,
      7.8598909993086234,
      0.0,
      5.281966109980934,
      6.32305514673801,
      45.8029806334251,
      5.276405910393319,
      14.35842105921124,
      44.42098057825911,
      7.806910298248479,
      1.3070144110006963,
      40.033150299151174,
      18.535133576084466,
      47.85424618405263,
      30.71703073174521,
      25.236119060808246,
      62.900158184569186,
      15.272063672750727,
      73.67542604976049,
      50.6266229388265,
      43.09901664363382,
      61.09329793345529,
      47.93064835941818
    ],
    [
      27.78136725253641,
      8.604158224562395,
      3.550660087454974,
      5.281966109980934,
      0.0,
      11.56201616856009,
      44.5681422964791,
      8.845100304346918,
      14.336991358837455,
      41.69560818436296,
      2.5937098743187548,
      5.435796521149477,
      40.479489397692134,
      22.986112022375305,
      51.66778162897499,
      35.67855229372304,
      30.501580613853225,
      59.189373466547444,
      10.60860048148173,
      72.89480283981521,
      47.60084121776598,
      38.348116471052315,
      56.003491597308155,
      52.29253221792948
    ],
    [
      31.594986846608585,
      16.00590837094119,
      13.648427164908,
      6.32305514673801,
      11.56201616856009,
      0.0,
      48.96761934499259,
      7.1970769671231505,
      17.619812813090544,
      49.02022974644865,
      14.118645079515703,
      6.67859555728613,
      41.47595093763174,
      13.204895513666415,
      44.61125348454565,
      24.56105705222385,
      18.944206675375536,
      68.24961318444751,
      20.86865448148528,
      76.1149884931419,
      55.44275011597278,
      49.2479148156288,
      67.39525735530535,
      43.77346990487307
    ],
    [
      17.380259708331767,
      35.96782123256077,
      47.154491289438894,
      45.8029806334251,
      44.5681422964791,
      48.96761934499259,
      0.0,
      41.93487091953024,
      31.555919514078926,
      13.616864149432049,
      43.478328674626155,
      44.55139286294998,
      14.48170820320574,
      61.69492625033509,
      47.446808388064234,
      69.21644991090123,
      59.924576079782526,
      32.32587267945993,
      49.81406490227565,
      28.576218655372973,
      17.94835348487575,
      36.8859516598218,
      53.84551123624469,
      54.24866773885138
    ],
    [
      24.55608068385869,
      9.457596186472799,
      12.203562242987225,
      5.276405910393319,
      8.845100304346918,
      7.1970769671231505,
      41.93487091953024,
      0.0,
      10.45654539786971,
      41.85076494776367,
      10.720996657706017,
      4.117454758523417,
      35.22493915980149,
      20.375932388913707,
      42.94351941094752,
      30.974301846874003,
      24.057960194182495,
      61.31169493174934,
      19.4529275959167,
      69.38249409185106,
      48.309938686865564,
      43.372244247892375,
      62.135592263528544,
      43.4477136555544
    ],
    [
      14.214609062000163,
      6.813239442936703,
      17.636397172378736,
      14.35842105921124,
      14.336991358837455,
      17.619812813090544,
      31.555919514078926,
      10.45654539786971,
      0.0,
      31.730885750611954,
      14.31171840227426,
      13.075866265920688,
      26.153367331963377,
      30.70200060532964,
      41.30577183715505,
      40.29813289516181,
      32.25765618876482,
      51.891085574570035,
      23.048593909989844,
      59.317248326963075,
      38.3313464247714,
      36.75323780999422,
      56.380944546263066,
      43.77984439411808
    ],
    [
      20.3068904171217,
      33.695181556031976,
      43.446751817190226,
      44.42098057825911,
      41.69560818436296,
      49.02022974644865,
      13.616864149432049,
      41.85076494776367,
      31.730885750611954,
      0.0,
      39.93304394362393,
      43.34072511112828,
      25.819352183603247,
      62.22192477611379,
      58.19501039781446,
      71.9135509294996,
      63.414073851396196,
      21.693485523760184,
      44.103487614985085,
      37.394529953360106,
      6.816952932435968,
      23.89161007897218,
      40.229242889168994,
      64.17747044560615
    ],
    [
      27.046990924421724,
      7.874989379993546,
      3.676207742919694,
      7.806910298248479,
      2.5937098743187548,
      14.118645079515703,
      43.478328674626155,
      10.720996657706017,
      14.31171840227426,
      39.93304394362393,
      0.0,
      7.790060502186545,
      40.221269246818686,
      25.522646109746947,
