{
  "name": "c-n21-k6",
  "n": 21,
  "m": 6,
  "prob_compat": 0.7,
  "layout": "C",
  "coords": [
    [
      40.0,
      50.0
    ],
    [
      45.0,
      68.0
    ],
    [
      45.0,
      70.0
    ],
    [
      42.0,
      66.0
    ],
    [
      42.0,
      68.0
    ],
    [
      42.0,
      65.0
    ],
    [
      40.0,
      69.0
    ],
    [
      40.0,
      66.0
    ],
    [
      38.0,
      68.0
    ],
    [
      38.0,
      70.0
    ],
    [
      35.0,
      66.0
    ],
    [
      35.0,
      69.0
    ],
    [
      25.0,
      85.0
    ],
    [
      22.0,
      75.0
    ],
    [
      22.0,
      85.0
    ],
    [
      20.0,
      80.0
    ],
    [
      20.0,
      85.0
    ],
    [
      18.0,
      75.0
    ],
    [
      15.0,
      75.0
    ],
    [
      15.0,
      80.0
    ],
    [
      30.0,
      50.0
    ]
  ],
  "c": [
    [
      0.0,
      18.681541692269406,
      20.615528128088304,
      16.1245154965971,
      18.110770276274835,
      15.132745950421556,
      19.0,
      16.0,
      18.110770276274835,
      20.09975124224178,
      16.76305461424021,
      19.6468827043885,
      38.07886552931954,
      30.805843601498726,
      39.35733730830886,
      36.05551275463989,
      40.311288741492746,
      33.301651610693426,
      35.35533905932738,
      39.05124837953327,
      10.0
    ],
    [
      18.681541692269406,
      0.0,
      2.0,
      3.605551275463989,
      3.0,
      4.242640687119285,
      5.0990195135927845,
      5.385164807134504,
      7.0,
      7.280109889280518,
      10.198039027185569,
      10.04987562112089,
      26.248809496813376,
      24.041630560342615,
      28.600699292150182,
      27.730849247724095,
      30.23243291566195,
      27.892651361962706,
      30.805843601498726,
      32.31098884280702,
      23.430749027719962
    ],
    [
      20.615528128088304,
      2.0,
      0.0,
      5.0,
      3.605551275463989,
      5.830951894845301,
      5.0990195135927845,
      6.4031242374328485,
      7.280109889280518,
      7.0,
      10.770329614269007,
      10.04987562112089,
      25.0,
      23.53720459187964,
      27.459060435491963,
      26.92582403567252,
      29.154759474226502,
      27.459060435491963,
      30.4138126514911,
      31.622776601683793,
      25.0
    ],
    [
      16.1245154965971,
      3.605551275463989,
      5.0,
      0.0,
      2.0,
      1.0,
      3.605551275463989,
      2.0,
      4.47213595499958,
      5.656854249492381,
      7.0,
      7.615773105863909,
      25.495097567963924,
      21.93171219946131,
      27.586228448267445,
      26.076809620810597,
      29.068883707497267,
      25.632011235952593,
      28.460498941515414,
      30.4138126514911,
      20.0
    ],
    [
      18.110770276274835,
      3.0,
      3.605551275463989,
      2.0,
      0.0,
      3.0,
      2.23606797749979,
      2.8284271247461903,
      4.0,
      4.47213595499958,
      7.280109889280518,
      7.0710678118654755,
      24.041630560342615,
      21.18962010041709,
      26.248809496813376,
      25.059928172283335,
      27.80287754891569,
      25.0,
      27.892651361962706,
      29.546573405388315,
      21.633307652783937
    ],
    [
      15.132745950421556,
      4.242640687119285,
      5.830951894845301,
      1.0,
      3.0,
      0.0,
      4.47213595499958,
      2.23606797749979,
      5.0,
      6.4031242374328485,
      7.0710678118654755,
      8.06225774829855,
      26.248809496813376,
      22.360679774997898,
      28.284271247461902,
      26.627053911388696,
      29.732137494637012,
      26.0,
      28.792360097775937,
      30.886890422961002,
      19.209372712298546
    ],
    [
      19.0,
      5.0990195135927845,
      5.0990195135927845,
      3.605551275463989,
      2.23606797749979,
      4.47213595499958,
      0.0,
      3.0,
      2.23606797749979,
      2.23606797749979,
      5.830951894845301,
      5.0,
      21.93171219946131,
      18.973665961010276,
      24.08318915758459,
      22.825424421026653,
      25.612496949731394,
      22.80350850198276,
      25.709920264364882,
      27.313000567495326,
      21.470910553583888
    ],
    [
      16.0,
      5.385164807134504,
      6.4031242374328485,
      2.0,
      2.8284271247461903,
      2.23606797749979,
      3.0,
      0.0,
      2.8284271247461903,
      4.47213595499958,
      5.0,
      5.830951894845301,
      24.20743687382041,
      20.12461179749811,
      26.1725046566048,
      24.413111231467404,
      27.586228448267445,
      23.769728648009426,
      26.570660511172846,
      28.653097563788805,
      18.867962264113206
    ],
    [
      18.110770276274835,
      7.0,
      7.280109889280518,
      4.47213595499958,
      4.0,
      5.0,
      2.23606797749979,
      2.8284271247461903,
      0.0,
      2.0,
      3.605551275463989,
      3.1622776601683795,
      21.400934559032695,
      17.46424919657298,
      23.345235059857504,
      21.633307652783937,
      24.758836806279895,
      21.18962010041709,
      24.041630560342615,
      25.942243542145693,
      19.697715603592208
    ],
    [
      20.09975124224178,
      7.280109889280518,
      7.0,
      5.656854249492381,
      4.47213595499958,
      6.4031242374328485,
      2.23606797749979,
      4.47213595499958,
      2.0,
      0.0,
      5.0,
      3.1622776601683795,
      19.849433241279208,
      16.76305461424021,
      21.93171219946131,
      20.591260281974,
      23.430749027719962,
      20.615528128088304,
      23.53720459187964,
      25.079872407968907,
      21.540659228538015
    ],
    [
      16.76305461424021,
      10.198039027185569,
      10.770329614269007,
      7.0,
      7.280109889280518,
      7.0710678118654755,
      5.830951894845301,
      5.0,
      3.605551275463989,
      5.0,
      0.0,
      3.0,
      21.470910553583888,
      15.811388300841896,
      23.021728866442675,
      20.518284528683193,
      24.20743687382041,
      19.235384061671343,
      21.93171219946131,
      24.413111231467404,
      16.76305461424021
    ],
    [
      19.6468827043885,
      10.04987562112089,
      10.04987562112089,
      7.615773105863909,
      7.0710678118654755,
      8.06225774829855,
      5.0,
      5.830951894845301,
      3.1622776601683795,
      3.1622776601683795,
      3.0,
      0.0,
      18.867962264113206,
      14.317821063276353,
      20.615528128088304,
      18.601075237738275,
      21.93171219946131,
      18.027756377319946,
      20.8806130178211,
      22.825424421026653,
      19.6468827043885
    ],
    [
      38.07886552931954,
      26.248809496813376,
      25.0,
      25.495097567963924,
      24.041630560342615,
      26.248809496813376,
      21.93171219946131,
      24.20743687382041,
      21.400934559032695,
      19.849433241279208,
      21.470910553583888,
      18.867962264113206,
      0.0,
      10.44030650891055,
      3.0,
      7.0710678118654755,
      5.0,
      12.206555615733702,
      14.142135623730951,
      11.180339887498949,
      35.35533905932738
    ],
    [
      30.805843601498726,
      24.041630560342615,
      23.53720459187964,
      21.93171219946131,
      21.18962010041709,
      22.360679774997898,
      18.973665961010276,
      20.12461179749811,
      17.46424919657298,
      16.76305461424021,
      15.811388300841896,
      14.317821063276353,
      10.44030650891055,
      0.0,
      10.0,
      5.385164807134504,
      10.198039027185569,
      4.0,
      7.0,
      8.602325267042627,
      26.248809496813376
    ],
    [
      39.35733730830886,
      28.600699292150182,
      27.459060435491963,
      27.586228448267445,
      26.248809496813376,
      28.284271247461902,
      24.08318915758459,
      26.1725046566048,
      23.345235059857504,
      21.93171219946131,
      23.021728866442675,
      20.615528128088304,
      3.0,
      10.0,
      0.0,
      5.385164807134504,
      2.0,
      10.770329614269007,
