{
  "name": "r-n21-k6",
  "n": 21,
  "m": 6,
  "prob_compat": 0.7,
  "layout": "R",
  "coords": [
    [
      35.0,
      35.0
    ],
    [
      41.0,
      49.0
    ],
    [
      35.0,
      17.0
    ],
    [
      55.0,
      45.0
    ],
    [
      55.0,
      20.0
    ],
    [
      15.0,
      30.0
    ],
    [
      25.0,
      30.0
    ],
    [
      20.0,
      50.0
    ],
    [
      10.0,
      43.0
    ],
    [
      55.0,
      60.0
    ],
    [
      30.0,
      60.0
    ],
    [
      20.0,
      65.0
    ],
    [
      50.0,
      35.0
    ],
    [
      30.0,
      25.0
    ],
    [
      15.0,
      10.0
    ],
    [
      30.0,
      5.0
    ],
    [
      10.0,
      20.0
    ],
    [
      5.0,
      30.0
    ],
    [
      20.0,
      40.0
    ],
    [
      15.0,
      60.0
    ],
    [
      45.0,
      65.0
    ]
  ],
  "c": [
    [
      0.0,
      15.231546211727817,
      18.0,
      22.360679774997898,
      25.0,
      20.615528128088304,
      11.180339887498949,
      21.213203435596427,
      26.248809496813376,
      32.01562118716424,
      25.495097567963924,
      33.54101966249684,
      15.0,
      11.180339887498949,
      32.01562118716424,
      30.4138126514911,
      29.154759474226502,
      30.4138126514911,
      15.811388300841896,
      32.01562118716424,
      31.622776601683793
    ],
    [
      15.231546211727817,
      0.0,
      32.55764119219941,
      14.560219778561036,
      32.202484376209235,
      32.202484376209235,
      24.839484696748443,
      21.02379604162864,
      31.575306807693888,
      17.804493814764857,
      15.556349186104045,
      26.40075756488817,
      16.64331697709324,
      26.40075756488817,
      46.87216658103186,
      45.35416188179427,
      42.44997055358225,
      40.70626487409524,
      22.847319317591726,
      28.231188426986208,
      16.492422502470642
    ],
    [
      18.0,
      32.55764119219941,
      0.0,
      34.40930106817051,
      20.223748416156685,
      23.853720883753127,
      16.401219466856727,
      36.24913792078372,
      36.069377593742864,
      47.4236228055175,
      43.289721643826724,
      50.28916384272063,
      23.430749027719962,
      9.433981132056603,
      21.18962010041709,
      13.0,
      25.179356624028344,
      32.69556544854363,
      27.459060435491963,
      47.4236228055175,
      49.03060268852505
    ],
    [
      22.360679774997898,
      14.560219778561036,
      34.40930106817051,
      0.0,
      25.0,
      42.720018726587654,
      33.54101966249684,
      35.35533905932738,
      45.044422518220834,
      15.0,
      29.154759474226502,
      40.311288741492746,
      11.180339887498949,
      32.01562118716424,
      53.150729063673246,
      47.16990566028302,
      51.478150704935004,
      52.20153254455275,
      35.35533905932738,
      42.720018726587654,
      22.360679774997898
    ],
    [
      25.0,
      32.202484376209235,
      20.223748416156685,
      25.0,
      0.0,
      41.23105625617661,
      31.622776601683793,
      46.09772228646444,
      50.53711507397311,
      40.0,
      47.16990566028302,
      57.0087712549569,
      15.811388300841896,
      25.495097567963924,
      41.23105625617661,
      29.154759474226502,
      45.0,
      50.99019513592785,
      40.311288741492746,
      56.568542494923804,
      46.09772228646444
    ],
    [
      20.615528128088304,
      32.202484376209235,
      23.853720883753127,
      42.720018726587654,
      41.23105625617661,
      0.0,
      10.0,
      20.615528128088304,
      13.92838827718412,
      50.0,
      33.54101966249684,
      35.35533905932738,
      35.35533905932738,
      15.811388300841896,
      20.0,
      29.154759474226502,
      11.180339887498949,
      10.0,
      11.180339887498949,
      30.0,
      46.09772228646444
    ],
    [
      11.180339887498949,
      24.839484696748443,
      16.401219466856727,
      33.54101966249684,
      31.622776601683793,
      10.0,
      0.0,
      20.615528128088304,
      19.849433241279208,
      42.42640687119285,
      30.4138126514911,
      35.35533905932738,
      25.495097567963924,
      7.0710678118654755,
      22.360679774997898,
      25.495097567963924,
      18.027756377319946,
      20.0,
      11.180339887498949,
      31.622776601683793,
      40.311288741492746
    ],
    [
      21.213203435596427,
      21.02379604162864,
      36.24913792078372,
      35.35533905932738,
      46.09772228646444,
      20.615528128088304,
      20.615528128088304,
      0.0,
      12.206555615733702,
      36.40054944640259,
      14.142135623730951,
      15.0,
      33.54101966249684,
      26.92582403567252,
      40.311288741492746,
      46.09772228646444,
      31.622776601683793,
      25.0,
      10.0,
      11.180339887498949,
      29.154759474226502
    ],
    [
      26.248809496813376,
      31.575306807693888,
      36.069377593742864,
      45.044422518220834,
      50.53711507397311,
      13.92838827718412,
      19.849433241279208,
      12.206555615733702,
      0.0,
      48.104053883222775,
      26.248809496813376,
      24.166091947189145,
      40.792156108742276,
      26.90724809414742,
      33.37663853655727,
      42.941821107167776,
      23.0,
      13.92838827718412,
      10.44030650891055,
      17.72004514666935,
      41.340053217188775
    ],
    [
      32.01562118716424,
      17.804493814764857,
      47.4236228055175,
      15.0,
      40.0,
      50.0,
      42.42640687119285,
      36.40054944640259,
      48.104053883222775,
      0.0,
      25.0,
      35.35533905932738,
      25.495097567963924,
      43.01162633521314,
      64.03124237432849,
      60.41522986797286,
      60.207972893961475,
      58.309518948453004,
      40.311288741492746,
      40.0,
      11.180339887498949
    ],
    [
      25.495097567963924,
      15.556349186104045,
      43.289721643826724,
      29.154759474226502,
      47.16990566028302,
      33.54101966249684,
      30.4138126514911,
      14.142135623730951,
      26.248809496813376,
      25.0,
      0.0,
      11.180339887498949,
      32.01562118716424,
      35.0,
      52.20153254455275,
      55.0,
      44.721359549995796,
      39.05124837953327,
      22.360679774997898,
      15.0,
      15.811388300841896
    ],
    [
      33.54101966249684,
      26.40075756488817,
      50.28916384272063,
      40.311288741492746,
      57.0087712549569,
      35.35533905932738,
      35.35533905932738,
      15.0,
      24.166091947189145,
      35.35533905932738,
      11.180339887498949,
      0.0,
      42.42640687119285,
      41.23105625617661,
      55.226805085936306,
      60.8276253029822,
      46.09772228646444,
      38.07886552931954,
      25.0,
      7.0710678118654755,
      25.0
    ],
    [
      15.0,
      16.64331697709324,
      23.430749027719962,
      11.180339887498949,
      15.811388300841896,
      35.35533905932738,
      25.495097567963924,
      33.54101966249684,
      40.792156108742276,
      25.495097567963924,
      32.01562118716424,
      42.42640687119285,
      0.0,
      22.360679774997898,
      43.01162633521314,
      36.05551275463989,
      42.720018726587654,
      45.27692569068709,
      30.4138126514911,
      43.01162633521314,
      30.4138126514911
    ],
    [
      11.180339887498949,
      26.40075756488817,
      9.433981132056603,
      32.01562118716424,
      25.495097567963924,
      15.811388300841896,
      7.0710678118654755,
      26.92582403567252,
      26.90724809414742,
      43.01162633521314,
      35.0,
      41.23105625617661,
      22.360679774997898,
      0.0,
      21.213203435596427,
      20.0,
      20.615528128088304,
      25.495097567963924,
      18.027756377319946,
      38.07886552931954,
      42.720018726587654
    ],
    [
      32.01562118716424,
      46.87216658103186,
      21.18962010041709,
      53.150729063673246,
      41.23105625617661,
      20.0,
      22.360679774997898,
