{
  "name": "r-n23-k6",
  "n": 24,
  "m": 6,
  "prob_compat": 0.7,
  "layout": "R",
  "coords": [
    [
      50.0,
      50.0
    ],
    [
      3.8464227239776827,
      44.525728654026565
    ],
    [
      10.863706290673536,
      38.533140189737956
    ],
    [
      61.89235491586843,
      49.9241872724826
    ],
    [
      26.281391236297047,
      50.96978573300961
    ],
    [
      26.797077341526265,
      92.86846925689085
    ],
    [
      99.70764528236015,
      19.036240433655717
    ],
    [
      75.43145200177047,
      48.994563324332454
    ],
    [
      2.817480728845312,
      56.07118226468509
    ],
    [
      66.06706978924237,
      14.783764401192666
    ],
    [
      31.14273518825592,
      5.061832306692427
    ],
    [
      79.29403815381636,
      76.60134047824647
    ],
    [
      18.82923149461867,
      77.09309885931714
    ],
    [
      61.78000443735774,
      45.817314338842394
    ],
    [
      28.248815814064354,
      80.7930514120457
    ],
    [
      17.227430275702304,
      14.515603306340342
    ],
    [
      93.030369677791,
      35.30992389039051
    ],
    [
      94.68475066760173,
      41.19037257184307
    ],
    [
      28.869531555826843,
      76.51844841880737
    ],
    [
      77.74181375487248,
      91.99796054517034
    ],
    [
      14.358868776922783,
      67.5322515328617
    ],
    [
      89.57138052033264,
      28.02101025331384
    ],
    [
      84.91351330093873,
      13.94234820826874
    ],
    [
      43.911295364308764,
      73.71022779241791
    ]
  ],
  "c": [
    [
      0.0,
      46.47709481177916,
      40.78159338734657,
      11.892596563183066,
      23.738426360092944,
      48.745064122679224,
      58.56282443666219,
      25.451319294432114,
      47.57151856798257,
      38.708319278458596,
      48.73433442463408,
      39.56983682802903,
      41.2995498161518,
      12.50053454393937,
      37.70047783192391,
      48.303040639766756,
      45.468792052499865,
      45.544884209411144,
      33.90759211756483,
      50.333258590754056,
      39.71989525001471,
      45.26555143340128,
      50.19071292329455,
      24.47952667248766
    ],
    [
      46.47709481177916,
      0.0,
      9.227859186059602,
      58.29642870262947,
      23.342101100499775,
      53.51404597271474,
      99.19217711152508,
      71.72438148923264,
      11.591213081693175,
      68.96371044859086,
      47.98424521716107,
      81.98284910849871,
      35.848544750743294,
      57.947977391123025,
      43.71264678050784,
      32.858164685252135,
      89.65883922794252,
      90.89954028370192,
      40.61637715944596,
      87.83018624786911,
      25.29449776118208,
      87.29933630144998,
      86.64419388570228,
      49.56741883177613
    ],
    [
      40.78159338734657,
      9.227859186059602,
      0.0,
      52.28459557226115,
      19.80846186485676,
      56.623319382388225,
      90.95809252428974,
      65.40974820478905,
      19.295716250360698,
      60.09529259351903,
      39.13524580771925,
      78.30643774368657,
      39.3741032199381,
      51.4347023904729,
      45.6961938202475,
      24.846308798350616,
      82.22985890468406,
      83.86315260214985,
      42.03680987820842,
      85.62224169940659,
      29.208981829159534,
      79.40656684709651,
      78.0261556693229,
      48.26562581989872
    ],
    [
      11.892596563183066,
      58.29642870262947,
      52.28459557226115,
      0.0,
      35.62631064716649,
      55.46070557770154,
      48.82685168450119,
      13.570974562884393,
      59.39382381735304,
      35.387534017603514,
      54.38906145972125,
      31.85104523681563,
      50.91740719642961,
      4.108409415222402,
      45.65933088166563,
      56.9975728570881,
      34.396986169065244,
      33.93553798547186,
      42.400018733338165,
      44.960068315015015,
      50.690001297287196,
      35.29699168407455,
      42.71611494311578,
      29.81768311275609
    ],
    [
      23.738426360092944,
      23.342101100499775,
      19.80846186485676,
      35.62631064716649,
      0.0,
      41.90185691820213,
      80.06975770303595,
      49.189734465775174,
      24.012066609833788,
      53.78037149132576,
      46.1646277230972,
      58.88393101568241,
      27.16545919933258,
      35.87059381535566,
      29.888090190434966,
      37.56170424079365,
      68.5613403888295,
      69.09888930558188,
      25.6794204635979,
      65.81402748812388,
      20.407396089789447,
      67.32212889972232,
      69.34520075283963,
      28.773967828928125
    ],
    [
      48.745064122679224,
      53.51404597271474,
      56.623319382388225,
      55.46070557770154,
      41.90185691820213,
      0.0,
      103.76487329757362,
      65.4997864147051,
      43.921081312891815,
      87.40339489542254,
      87.91410714228289,
      54.95953396116203,
      17.673394654698555,
      58.63118937318648,
      12.162370686681601,
      78.93509832532908,
      87.74870459675506,
      85.31917642955237,
      16.48084487749752,
      50.952173198427026,
      28.22468708163094,
      90.2541194561517,
      98.01455357448832,
      25.689193730874145
    ],
    [
      58.56282443666219,
      99.19217711152508,
      90.95809252428974,
      48.82685168450119,
      80.06975770303595,
      103.76487329757362,
      0.0,
      38.55949520699919,
      103.72700180586978,
      33.90828618368715,
      69.97450234700875,
      61.077459828829454,
      99.5586090053413,
      46.4298595688439,
      94.44717047746623,
      82.60400733367219,
      17.59030365711115,
      22.716404669472563,
      91.22632619579448,
      76.19652456854557,
      98.16453913460505,
      13.545108048227597,
      15.64653568965264,
      78.11835608794978
    ],
    [
      25.451319294432114,
      71.72438148923264,
      65.40974820478905,
      13.570974562884393,
      49.189734465775174,
      65.4997864147051,
      38.55949520699919,
      0.0,
      72.95798352238197,
      35.4692883658781,
      62.3824918679592,
      27.875683249166208,
      63.19287195207251,
      14.016309490008695,
      56.897671325686744,
      67.6498841758869,
      22.293300783068148,
      20.774862281539697,
      54.08860033600649,
      43.06541470789948,
      63.82402608636179,
      25.294811858025,
      36.31208161237786,
      40.05476681431441
    ],
    [
      47.57151856798257,
      11.591213081693175,
      19.295716250360698,
      59.39382381735304,
      24.012066609833788,
      43.921081312891815,
      103.72700180586978,
      72.95798352238197,
      0.0,
      75.53251875943057,
      58.34615517176198,
      79.1842865210564,
      26.425312484375848,
      59.84748122951805,
      35.46721892615649,
      43.98309662252294,
      92.57102776678579,
      93.06467527002349,
      33.11797163881181,
      83.09265356823173,
      16.265292707057185,
      91.17593585425345,
      92.2745751712317,
      44.71954302565335
    ],
    [
      38.708319278458596,
      68.96371044859086,
      60.09529259351903,
      35.387534017603514,
      53.78037149132576,
      87.40339489542254,
      33.90828618368715,
      35.4692883658781,
      75.53251875943057,
      0.0,
      36.25224284057102,
      63.216812670046686,
      78.19121771249911,
      31.328264411932064,
      76.07526736996878,
      48.840375696603076,
      33.88720649826116,
      38.93944804351849,
      72.075155645903,
      78.0918160425513,
      73.86569533017543,
      26.975494447611975,
      18.865217047499787,
      62.95400247931779
    ],
    [
      48.73433442463408,
      47.98424521716107,
      39.13524580771925,
      54.38906145972125,
      46.1646277230972,
      87.91410714228289,
      69.97450234700875,
      62.3824918679592,
      58.34615517176198,
      36.25224284057102,
      0.0,
      86.23484914295982,
      73.0761639277028,
      50.98677850889247,
      75.78649164941828,
      16.822886105633682,
