{
  "dist": [
    [
      0.0,
      22.41665826462391,
      20.200124154140276,
      38.77331829440061,
      33.296223959640905,
      25.18349423465503,
      28.353776839632925,
      33.72682549558658,
      33.891740117789325
    ],
    [
      22.41665826462391,
      0.0,
      2.388676767068937,
      60.33897077018776,
      54.50080512577899,
      47.59659390446532,
      50.38634084678395,
      54.74802620279315,
      55.67994224294126
    ],
    [
      20.200124154140276,
      2.388676767068937,
      0.0,
      57.97513750968646,
      52.12620357326684,
      45.35895381427614,
      48.3037687412389,
      52.368721016402596,
      53.33043919752321
    ],
    [
      38.77331829440061,
      60.33897077018776,
      57.97513750968646,
      0.0,
      6.178469959143097,
      16.88691067707317,
      22.042719225428666,
      6.4173679513251125,
      5.1041877833304
    ],
    [
      33.296223959640905,
      54.50080512577899,
      52.12620357326684,
      6.178469959143097,
      0.0,
      14.119668726895203,
      20.916269333075057,
      1.0962103958535854,
      4.096636532460835
    ],
    [
      25.18349423465503,
      47.59659390446532,
      45.35895381427614,
      16.88691067707317,
      14.119668726895203,
      0.0,
      7.918202048150066,
      15.131204036109379,
      11.950330568418948
    ],
    [
      28.353776839632925,
      50.38634084678395,
      48.3037687412389,
      22.042719225428666,
      20.916269333075057,
      7.918202048150066,
      0.0,
      21.996858564289727,
      17.820156296336886
    ],
    [
      33.72682549558658,
      54.74802620279315,
      52.368721016402596,
      6.4173679513251125,
      1.0962103958535854,
      15.131204036109379,
      21.996858564289727,
      0.0,
      5.096672392445737
    ],
    [
      33.891740117789325,
      55.67994224294126,
      53.33043919752321,
      5.1041877833304,
      4.096636532460835,
      11.950330568418948,
      17.820156296336886,
      5.096672392445737,
      0.0
    ]
  ],
  "u": [
    [
      1,
      1,
      0,
      1,
      1,
      0,
      0,
      1,
      1
    ],
    [
      1,
      0,
      0,
      0,
      0,
      0,
      1,
      1,
      0
    ],
    [
      1,
      1,
      1,
      0,
      1,
      1,
      0,
      0,
      0
    ]
  ],
  "name": "C-n8-k3-tight-s3",
  "metadata": {
    "kind": "C",
    "n_customers": 8,
    "m_vehicles": 3,
    "tight": true,
    "compat_prob": 0.3,
    "seed": 3,
    "solomon": null
  },
  "coords": [
    [
      50.0,
      50.0
    ],
    [
      71.99235901735946,
      54.340819347139366
    ],
    [
      69.96406289184237,
      53.079157140069945
    ],
    [
      16.774839495233216,
      30.01353155278836
    ],
    [
      22.923223254080845,
      30.62252103543351
    ],
    [
      25.420039768667,
      44.519677300286844
    ],
    [
      21.6860432171346,
      51.50216922140441
    ],
    [
      23.175863790804282,
      29.555820519270906
    ],
    [
      20.264085801662763,
      33.73883598874619
    ]
  ]
}