{
  "dist": [
    [
      0.0,
      45.061878846557,
      57.26331352937896,
      20.319014710275024,
      34.00496828887678,
      47.50367620897238,
      25.636655127630885
    ],
    [
      45.061878846557,
      0.0,
      36.76664882114746,
      56.37993851715001,
      62.66961867743472,
      92.36772153823985,
      47.793605403970155
    ],
    [
      57.26331352937896,
      36.76664882114746,
      0.0,
      55.14327684241237,
      87.07684220273266,
      100.6371796269462,
      73.47291807306047
    ],
    [
      20.319014710275024,
      56.37993851715001,
      55.14327684241237,
      0.0,
      51.606454626693996,
      46.16954242113494,
      45.6361258378913
    ],
    [
      34.00496828887678,
      62.66961867743472,
      87.07684220273266,
      51.606454626693996,
      0.0,
      47.2222056801859,
      14.876384120386462
    ],
    [
      47.50367620897238,
      92.36772153823985,
      100.6371796269462,
      46.16954242113494,
      47.2222056801859,
      0.0,
      54.97993775251424
    ],
    [
      25.636655127630885,
      47.793605403970155,
      73.47291807306047,
      45.6361258378913,
      14.876384120386462,
      54.97993775251424,
      0.0
    ]
  ],
  "u": [
    [
      1,
      1,
      1,
      1,
      1,
      1,
      0
    ],
    [
      1,
      0,
      1,
      0,
      0,
      0,
      1
    ]
  ],
  "name": "R-n6-k2-tight-s1",
  "metadata": {
    "kind": "R",
    "n_customers": 6,
    "m_vehicles": 2,
    "tight": true,
    "compat_prob": 0.3,
    "seed": 1,
    "solomon": null
  },
  "coords": [
    [
      50.0,
      50.0
    ],
    [
      51.18216247002567,
      95.04636963259352
    ],
    [
      14.415961271963374,
      94.86494471372438
    ],
    [
      31.183145201048546,
      42.332644897257566
    ],
    [
      82.77025938204417,
      40.91991363691613
    ],
    [
      54.959368767305946,
      2.7559113243068367
    ],
    [
      75.35131086748066,
      53.814331321927824
    ]
  ]
}