{
  "dist": [
    [
      0.0,
      31.21451486403615,
      51.50440897005901,
      24.95195978577347,
      54.34153689203705,
      27.463419225112265,
      35.54341462556319
    ],
    [
      31.21451486403615,
      0.0,
      58.99619578422468,
      54.729705449852915,
      25.426339493363553,
      35.91903155420845,
      33.52964012162324
    ],
    [
      51.50440897005901,
      58.99619578422468,
      0.0,
      67.16888675107846,
      62.74030373602529,
      78.1413459729137,
      25.858243458826646
    ],
    [
      24.95195978577347,
      54.729705449852915,
      67.16888675107846,
      0.0,
      78.95534616060532,
      33.282036129933736,
      57.97341785268768
    ],
    [
      54.34153689203705,
      25.426339493363553,
      62.74030373602529,
      78.95534616060532,
      0.0,
      60.854727058218714,
      38.62095593832466
    ],
    [
      27.463419225112265,
      35.91903155420845,
      78.1413459729137,
      33.282036129933736,
      60.854727058218714,
      0.0,
      58.30645252435783
    ],
    [
      35.54341462556319,
      33.52964012162324,
      25.858243458826646,
      57.97341785268768,
      38.62095593832466,
      58.30645252435783,
      0.0
    ]
  ],
  "u": [
    [
      1,
      1,
      0,
      1,
      1,
      0,
      1
    ],
    [
      1,
      1,
      1,
      1,
      1,
      1,
      1
    ]
  ],
  "name": "R-n6-k2-relaxed-s2",
  "metadata": {
    "kind": "R",
    "n_customers": 6,
    "m_vehicles": 2,
    "tight": false,
    "compat_prob": 0.7,
    "seed": 2,
    "solomon": null
  },
  "coords": [
    [
      50.0,
      50.0
    ],
    [
      26.16121342493164,
      29.84911434141233
    ],
    [
      81.42257405942803,
      9.19159421350969
    ],
    [
      60.0100525965654,
      72.85605268117946
    ],
    [
      18.790107336660345,
      5.514662733306819
    ],
    [
      27.49693679060381,
      65.74330148755926
    ],
    [
      56.2265662780428,
      15.006226330533611
    ]
  ]
}