{
  "name": "c-n21-k6",
  "n": 21,
  "m": 6,
  "prob_compat": 0.3,
  "layout": "C",
  "coords": [
    [
      50.0,
      50.0
    ],
    [
      19.7674429298952,
      39.52930709790195
    ],
    [
      24.835482822446462,
      37.57159233129323
    ],
    [
      78.41045177932715,
      26.978701018661354
    ],
    [
      77.7653447986328,
      31.973406426263825
    ],
    [
      86.54612480723468,
      19.33823576495104
    ],
    [
      86.94777832632487,
      28.457768460041578
    ],
    [
      29.66918632585557,
      34.52684899256667
    ],
    [
      65.44971594655993,
      58.46302609675934
    ],
    [
      66.43995826732493,
      54.15240811856616
    ],
    [
      44.40979862139008,
      56.90862328432195
    ],
    [
      64.52425581623565,
      58.56040152403595
    ],
    [
      55.527009979938796,
      48.077367426585965
    ],
    [
      49.66442739498459,
      58.75327965979679
    ],
    [
      66.11587595973471,
      61.21906610643627
    ],
    [
      85.02020780078695,
      23.660950606991996
    ],
    [
      62.28949949379888,
      61.08425616962923
    ],
    [
      65.06252395139398,
      66.96553076744877
    ],
    [
      76.00045460297505,
      59.81405764258018
    ],
    [
      29.688414943470946,
      33.8881763706122
    ],
    [
      54.193317749809786,
      49.8223008006202
    ]
  ],
  "c": [
    [
      0.0,
      31.99442008924666,
      28.066318639232975,
      36.566842591255494,
      33.103964228769215,
      47.7049580696986,
      42.76921863878765,
      25.549175852688737,
      17.615803516837317,
      16.956259051291923,
      8.887037028058767,
      16.859255062670243,
      5.851867678843715,
      8.759709685591698,
      19.63641775503216,
      43.819635750855056,
      16.54969886862134,
      22.687195992620335,
      27.790994350207285,
      25.925881820549776,
      4.19708121869592
    ],
    [
      31.99442008924666,
      0.0,
      5.433017159911133,
      59.97099465467306,
      58.48801805614016,
      69.76440148705656,
      68.08653634740436,
      11.093651760131982,
      49.45053875436332,
      48.90970017678665,
      30.154374892106624,
      48.63491394871918,
      36.76705007189706,
      35.54420910874628,
      51.17248176676419,
      67.15450886588695,
      47.6732747344734,
      52.95649850575037,
      59.7797850990162,
      11.412626410100602,
      35.931693203641636
    ],
    [
      28.066318639232975,
      5.433017159911133,
      0.0,
      54.612147413299546,
      53.225087827502975,
      64.34794966314062,
      62.777376803409915,
      5.712718403491394,
      45.67239797773589,
      44.78678185821095,
      27.51498873478171,
      44.896868633367866,
      32.43980810072653,
      32.63648827108485,
      47.57387805839621,
      61.77140984225915,
      44.22271730222531,
      49.82186723496558,
      55.79051532676581,
      6.092495655367426,
      31.811355356582236
    ],
    [
      36.566842591255494,
      59.97099465467306,
      54.612147413299546,
      0.0,
      5.0361935154711786,
      11.160908785138274,
      8.664501432063073,
      49.32226166592275,
      34.04766363423673,
      29.693485354068894,
      45.29729199405657,
      34.49971369644329,
      31.125642688607737,
      42.848077736660684,
      36.38075309731538,
      7.395697563945967,
      37.72365298785353,
      42.15582676995225,
      32.92368039891584,
      49.209528783293024,
      33.291134429483144
    ],
    [
      33.103964228769215,
      58.48801805614016,
      53.225087827502975,
      5.0361935154711786,
      0.0,
      15.386670699016138,
      9.832435903682603,
      48.163892375698914,
      29.212577159667248,
      24.903262761145967,
      41.645618023275354,
      29.701763344433243,
      27.45689522521136,
      38.817820254758686,
      31.48045003421841,
      11.03313006029437,
      32.96882407184017,
      37.22647476441992,
      27.896535583317622,
      48.11504471823686,
      29.567270580447126
    ],
    [
      47.7049580696986,
      69.76440148705656,
      64.34794966314062,
      11.160908785138274,
      15.386670699016138,
      0.0,
      9.128373465531679,
      58.87002720224175,
      44.450058327573835,
      40.203041297864594,
      56.45355615721294,
      44.98156289736782,
      42.286205473342655,
      53.979674778951676,
      46.5982726939856,
      4.584134194825404,
      48.28161235112413,
      52.24848643729332,
      41.827064404839255,
      58.68986234930359,
      44.452022964021204
    ],
    [
      42.76921863878765,
      68.08653634740436,
      62.777376803409915,
      8.664501432063073,
      9.832435903682603,
      9.128373465531679,
      0.0,
      57.59922603704411,
      36.91181615594218,
      32.87529757665692,
      51.17549079012063,
      37.53642070237871,
      37.04312820328875,
      48.04025661384382,
      38.82358535332371,
      5.169621808822936,
      40.89643523886248,
      44.292348289283574,
      33.21235866364816,
      57.51629356178039,
      39.106239013616616
    ],
    [
      25.549175852688737,
      11.093651760131982,
      5.712718403491394,
      49.32226166592275,
      48.163892375698914,
      58.87002720224175,
      57.59922603704411,
      0.0,
      43.04865705572451,
      41.680357966069,
      26.79980356820439,
      42.337778832410635,
      29.19321143616034,
      31.41225251851086,
      45.17560890261764,
      56.40747579925864,
      42.06400726444153,
      48.00996171178875,
      52.782850827477446,
      1.0,
      28.90300794228633
    ],
    [
      17.615803516837317,
      49.45053875436332,
      45.67239797773589,
      34.04766363423673,
      29.212577159667248,
      44.450058327573835,
      36.91181615594218,
      43.04865705572451,
      0.0,
      4.422895794358753,
      21.097257858624562,
      1.0,
      14.363913105883304,
      15.787956859180717,
      2.8354057378253694,
      39.92729154114803,
      4.1058269719045795,
      8.511316191765882,
      10.63688734704732,
      43.39117293293934,
      14.190441642427444
    ],
    [
      16.956259051291923,
      48.90970017678665,
      44.78678185821095,
      29.693485354068894,
      24.903262761145967,
      40.203041297864594,
      32.87529757665692,
      41.680357966069,
      4.422895794358753,
      0.0,
      22.201906586266826,
      4.8062794075849,
      12.489938339814934,
      17.39501235951701,
      7.0740854150640216,
      35.706507164743066,
      8.079407492741423,
      12.886948331936956,
      11.111137003779035,
      41.9680238398224,
      12.989612517322163
    ],
    [
      8.887037028058767,
      30.154374892106624,
      27.51498873478171,
      45.29729199405657,
      41.645618023275354,
      56.45355615721294,
      51.17549079012063,
      26.79980356820439,
      21.097257858624562,
      22.201906586266826,
      0.0,
      20.182164393257416,
      14.198009311711296,
      5.569010746251737,
      22.129927942515202,
      52.484407895840015,
      18.36081733691819,
      22.971209190653354,
      31.723982949134836,
      27.32508213161367,
      12.080281986740674
    ],
    [
      16.859255062670243,
      48.63491394871918,
      44.896868633367866,
      34.49971369644329,
      29.701763344433243,
      44.98156289736782,
      37.53642070237871,
      42.337778832410635,
      1.0,
      4.8062794075849,
      20.182164393257416,
      0.0,
      13.814645725716609,
      14.86108013181664,
      3.098669398774549,
      40.472901082875104,
      3.3710499985544393,
      8.42234707096544,
