{
  "name": "RC-n21-k6",
  "n": 21,
  "m": 6,
  "prob_compat": 0.7,
  "layout": "RC",
  "coords": [
    [
      50.0,
      50.0
    ],
    [
      43.94399945548088,
      36.977006980821315
    ],
    [
      47.40440719933991,
      44.1044181137259
    ],
    [
      33.301347993312675,
      32.28128420597535
    ],
    [
      30.07182958638178,
      37.954878938117005
    ],
    [
      34.21436445417896,
      41.12399763585162
    ],
    [
      36.835622843954596,
      42.53486711168354
    ],
    [
      32.061590770828055,
      47.95450282199299
    ],
    [
      43.08011093701481,
      42.18191210339002
    ],
    [
      40.90454772817029,
      43.46255468687719
    ],
    [
      19.584994533218527,
      74.32344127170205
    ],
    [
      2.7139595305324504,
      31.054800919945603
    ],
    [
      98.79293423778144,
      28.33554269069827
    ],
    [
      42.08380429417326,
      13.167721311379111
    ],
    [
      6.502151368267239,
      93.02400247445445
    ],
    [
      92.09658449125051,
      79.9855201214009
    ],
    [
      33.199729544499135,
      33.544345511251485
    ],
    [
      13.501648969473557,
      65.66015276310645
    ],
    [
      92.1922075155065,
      93.27050920866688
    ],
    [
      49.69430074522929,
      11.268178826777397
    ],
    [
      53.51827904238215,
      4.972183966908195
    ]
  ],
  "c": [
    [
      0.0,
      14.362224401978708,
      6.4416603267016335,
      24.347440691577034,
      23.285551688324368,
      18.10993394670053,
      15.133705261661275,
      18.054655476593172,
      10.440659126853129,
      11.201135801837399,
      38.94486298399682,
      50.940064698261004,
      53.38631980235219,
      37.673371336385415,
      61.18110512659115,
      51.6841740069427,
      23.516752582596187,
      39.71611779254565,
      60.43607649582233,
      38.73302755309559,
      45.165058442672525
    ],
    [
      14.362224401978708,
      0.0,
      7.9230304310416315,
      11.632533796357441,
      13.906593056604704,
      10.576546163633383,
      9.02323818180157,
      16.177053226470335,
      5.276110376714975,
      7.162443427363174,
      44.58830872600882,
      41.65319575783249,
      55.52549461130924,
      23.881842687013457,
      67.40295017318839,
      64.5631756358873,
      11.279295221098565,
      41.82654127561508,
      74.14073087095902,
      26.344065934799122,
      33.40621986636706
    ],
    [
      6.4416603267016335,
      7.9230304310416315,
      0.0,
      18.403335957627633,
      18.391168499624097,
      13.522578668438397,
      10.68469433810109,
      15.81850714257971,
      4.732395537583097,
      6.531474703593309,
      41.07443343139688,
      46.55672477465124,
      53.753494242584836,
      31.39089078562126,
      63.76613729948644,
      57.31356028355548,
      17.69994352102468,
      40.17520020942367,
      66.50753018055059,
      32.91598734598806,
      39.60695870973319
    ],
    [
      24.347440691577034,
      11.632533796357441,
      18.403335957627633,
      0.0,
      6.528358624132942,
      8.889723272449315,
      10.845601003361274,
      15.722174778197338,
      13.915697520145642,
      13.521444293241228,
      44.22308586000609,
      30.611968153386204,
      65.61034022867182,
      21.034729026118026,
      66.39182752712618,
      75.71376334011549,
      1.2671425215914411,
      38.8094955853442,
      84.78100554777409,
      26.65106935197627,
      33.97809966596495
    ],
    [
      23.285551688324368,
      13.906593056604704,
      18.391168499624097,
      6.528358624132942,
      0.0,
      5.215736616360777,
      8.168548885891347,
      10.195667089019338,
      13.677835833111356,
      12.152459606718098,
      37.85031090551456,
      28.214608461745303,
      69.39107906892303,
      27.544340972210115,
      59.90106925895278,
      74.92426188683474,
      5.407084543216302,
      32.282395874448454,
      83.17908575047852,
      33.12433149834689,
      40.467198564474195
    ],
    [
      18.10993394670053,
      10.576546163633383,
      13.522578668438397,
      8.889723272449315,
      5.215736616360777,
      0.0,
      2.976835269846716,
      7.161720158567516,
      8.928641762247112,
      7.087129272173237,
      36.279767391954316,
      33.07059468557084,
      65.83263822132477,
      29.042752440592675,
      58.83517023316898,
      69.71778342944373,
      7.647261622953433,
      32.10980366148427,
      77.97877246570172,
      33.630318825952976,
      40.982859221663006
    ],
    [
      15.133705261661275,
      9.02323818180157,
      10.68469433810109,
      10.845601003361274,
      8.168548885891347,
      2.976835269846716,
      0.0,
      7.222453424405194,
      6.254455114736235,
      4.173338465851818,
      36.167632273099734,
      36.001108691833686,
      63.56358430079297,
      29.83240957399783,
      58.90052870260625,
      66.75571356099913,
      9.69789661384676,
      32.85198887791834,
      75.08965871204825,
      33.80756414878506,
      41.100683484216205
    ],
    [
      18.054655476593172,
      16.177053226470335,
      15.81850714257971,
      15.722174778197338,
      10.195667089019338,
      7.161720158567516,
      7.222453424405194,
      0.0,
      12.439075136728025,
      9.918441702101081,
      29.17167065220772,
      33.86566674073373,
      69.55555906998256,
      36.20172553587344,
      51.812592499279575,
      68.0454740614402,
      14.45503350353953,
      25.65075982318881,
      75.29429928575252,
      40.703793795213734,
      48.040287319528225
    ],
    [
      10.440659126853129,
      5.276110376714975,
      4.732395537583097,
      13.915697520145642,
      13.677835833111356,
      8.928641762247112,
      6.254455114736235,
      12.439075136728025,
      0.0,
      2.5245040507629497,
      39.81329416294751,
      41.87169428933813,
      57.40767044616225,
      29.03129163922578,
      62.63278118934536,
      61.90094877198979,
      13.123623474299986,
      37.76391395023622,
      70.86637273432582,
      31.613389756820368,
      38.64607640352116
    ],
    [
      11.201135801837399,
      7.162443427363174,
      6.531474703593309,
      13.521444293241228,
      12.152459606718098,
      7.087129272173237,
      4.173338465851818,
      9.918441702101081,
      2.5245040507629497,
      0.0,
      37.50890120003252,
      40.15561455665148,
      59.832196889456355,
      30.317776555968834,
      60.33126869298057,
      62.885225864935634,
      12.559263373896403,
      35.26545364422809,
      71.49305127147822,
      33.37270733881616,
      40.50450414247501
    ],
    [
      38.94486298399682,
      44.58830872600882,
      41.07443343139688,
      44.22308586000609,
      37.85031090551456,
      36.279767391954316,
      36.167632273099734,
      29.17167065220772,
      39.81329416294751,
      37.50890120003252,
      0.0,
      46.441436885086844,
      91.5903080469673,
      65.16301500487124,
      22.822615419285338,
      72.7323161678629,
      42.99180922533253,
      10.585823587756419,
      75.03864844507319,
      69.87514896275324,
      77.20793150535486
    ],
    [
      50.940064698261004,
      41.65319575783249,
      46.55672477465124,
      30.611968153386204,
      28.214608461745303,
      33.07059468557084,
      36.001108691833686,
      33.86566674073373,
      41.87169428933813,
      40.15561455665148,
      46.441436885086844,
      0.0,
      96.11744766749437,
      43.24271376355063,
      62.08488011346097,
      101.8993077819474,
