{
  "name": "RC-n21-k6",
  "n": 21,
  "m": 6,
  "prob_compat": 0.3,
  "layout": "RC",
  "coords": [
    [
      50.0,
      50.0
    ],
    [
      31.490821806817955,
      55.25577376970132
    ],
    [
      20.288369756438247,
      57.63214252943954
    ],
    [
      25.060511166086545,
      63.87750503992143
    ],
    [
      23.64541096216388,
      58.78862919157878
    ],
    [
      25.681021988849018,
      70.17003972059858
    ],
    [
      63.7778298456169,
      39.40543383265323
    ],
    [
      30.282141352394785,
      64.63581732959379
    ],
    [
      37.92426268131172,
      57.49877850023164
    ],
    [
      53.8693388162934,
      30.065155743329363
    ],
    [
      23.67204911430825,
      56.19505611163888
    ],
    [
      64.72735225515696,
      91.7552430779455
    ],
    [
      6.867875634335308,
      84.39359258031143
    ],
    [
      48.445244270250555,
      46.773703255939225
    ],
    [
      47.20506196545499,
      64.64011212241358
    ],
    [
      96.15406410225759,
      83.38705222620018
    ],
    [
      65.06390295687795,
      97.96802914653983
    ],
    [
      98.50582744686442,
      10.577093127271187
    ],
    [
      20.09761866600207,
      39.74583038627575
    ],
    [
      17.714349860225752,
      87.96610334137425
    ],
    [
      56.749522354782165,
      68.8965285081947
    ]
  ],
  "c": [
    [
      0.0,
      19.240915656622118,
      30.676221594580603,
      28.540554469560302,
      27.78136725253641,
      31.594986846608585,
      17.380259708331767,
      24.55608068385869,
      14.214609062000163,
      20.3068904171217,
      27.046990924421724,
      44.27635067330856,
      55.16610701214669,
      3.5813762801367144,
      14.904514805044393,
      56.96396132214053,
      50.27775842753465,
      62.5058467873273,
      31.61171308092704,
      49.837618400920945,
      20.06576292291722
    ],
    [
      19.240915656622118,
      0.0,
      11.451727399100815,
      10.7556099330626,
      8.604158224562395,
      16.00590837094119,
      35.96782123256077,
      9.457596186472799,
      6.813239442936703,
      33.695181556031976,
      7.874989379993546,
      49.3647466926229,
      38.14842019340935,
      18.95779420895217,
      18.303091271189878,
      70.5174002055933,
      54.32760382425111,
      80.54312810466031,
      19.244828436880482,
      35.49305340461289,
      28.70665677517076
    ],
    [
      30.676221594580603,
      11.451727399100815,
      0.0,
      7.8598909993086234,
      3.550660087454974,
      13.648427164908,
      47.154491289438894,
      12.203562242987225,
      17.636397172378736,
      43.446751817190226,
      3.676207742919694,
      56.02864585696209,
      29.938017157231887,
      30.178059676574094,
      27.81402447131647,
      80.11815619484501,
      60.26468387514573,
      91.28060233036432,
      17.88732926015483,
      30.442975494620896,
      38.16152565448736
    ],
    [
      28.540554469560302,
      10.7556099330626,
      7.8598909993086234,
      0.0,
      5.281966109980934,
      6.32305514673801,
      45.8029806334251,
      5.276405910393319,
      14.35842105921124,
      44.42098057825911,
      7.806910298248479,
      48.48326061747765,
      27.42046381001028,
      28.972155215287955,
      22.15767811996728,
      73.72188074446957,
      52.55887354796988,
      90.74771839358654,
      24.63672103906687,
      25.183857013183705,
      32.08401512735515
    ],
    [
      27.78136725253641,
      8.604158224562395,
      3.550660087454974,
      5.281966109980934,
      0.0,
      11.56201616856009,
      44.5681422964791,
      8.845100304346918,
      14.336991358837455,
      41.69560818436296,
      2.5937098743187548,
      52.67374613157599,
      30.612086531546254,
      27.557034988325384,
      24.275440426215273,
      76.56753356338844,
      57.013304236353434,
      89.04175518228993,
      19.37046763802969,
      29.774191568486064,
      34.61288516852827
    ],
    [
      31.594986846608585,
      16.00590837094119,
      13.648427164908,
      6.32305514673801,
      11.56201616856009,
      0.0,
      48.96761934499259,
      7.1970769671231505,
      17.619812813090544,
      49.02022974644865,
      14.118645079515703,
      44.61543355436116,
      23.584824182287182,
      32.64350434687746,
      22.223060008821918,
      71.70173696844093,
      48.2051815624283,
      94.09979582163268,
      30.93229552238687,
      19.49789078848474,
      31.09459029792974
    ],
    [
      17.380259708331767,
      35.96782123256077,
      47.154491289438894,
      45.8029806334251,
      44.5681422964791,
      48.96761934499259,
      0.0,
      41.93487091953024,
      31.555919514078926,
      13.616864149432049,
      43.478328674626155,
      52.358419770125856,
      72.54431277388092,
      17.0111602990526,
      30.190157727269806,
      54.613215444217,
      58.576715117404476,
      45.134322252780535,
      43.68153750166615,
      66.93267372143264,
      30.31702114897627
    ],
    [
      24.55608068385869,
      9.457596186472799,
      12.203562242987225,
      5.276405910393319,
      8.845100304346918,
      7.1970769671231505,
      41.93487091953024,
      0.0,
      10.45654539786971,
      41.85076494776367,
      10.720996657706017,
      43.83988831026063,
      30.636539001228023,
      25.47456431001067,
      16.922921158038385,
      68.48882402926482,
      48.17475775674286,
      87.04491373250656,
      26.893046543450417,
      26.500030724173044,
      26.808131543861673
    ],
    [
      14.214609062000163,
      6.813239442936703,
      17.636397172378736,
      14.35842105921124,
      14.336991358837455,
      17.619812813090544,
      31.555919514078926,
      10.45654539786971,
      0.0,
      31.730885750611954,
      14.31171840227426,
      43.49610299863352,
      41.083210692613385,
      15.023924007745912,
      11.710332243615488,
      63.72528925029265,
      48.726997877571456,
      76.62747906385768,
      25.158624834942493,
      36.560887013468374,
      22.00679683683236
    ],
    [
      20.3068904171217,
      33.695181556031976,
      43.446751817190226,
      44.42098057825911,
      41.69560818436296,
      49.02022974644865,
      13.616864149432049,
      41.85076494776367,
      31.730885750611954,
      0.0,
      39.93304394362393,
      62.63835351596582,
      71.8381276927156,
      17.566910987010576,
      35.21136456543821,
      68.0530869030895,
      68.8194629644121,
      48.70524306267755,
      35.13181668306065,
      68.2620169579314,
      38.938040115281964
    ],
    [
      27.046990924421724,
      7.874989379993546,
      3.676207742919694,
      7.806910298248479,
      2.5937098743187548,
      14.118645079515703,
      43.478328674626155,
      10.720996657706017,
      14.31171840227426,
      39.93304394362393,
      0.0,
      54.31449910535551,
      32.825869452614384,
      26.50420887078132,
      25.002433179139974,
      77.41477345705812,
      58.80703053801658,
      87.64184460843629,
      16.83310963529099,
      32.32481434557933,
      35.43228241328432
    ],
    [
      44.27635067330856,
      49.3647466926229,
      56.02864585696209,
      48.48326061747765,
      52.67374613157599,
      44.61543355436116,
      52.358419770125856,
      43.83988831026063,
      43.49610299863352,
      62.63835351596582,
      54.31449910535551,
      0.0,
      58.325919906030826,
      47.83770443061507,
      32.2840670258911,
      32.52175941814848,
      6.221894977331972,
