{
  "name": "RC-n21-k6",
  "n": 21,
  "m": 6,
  "prob_compat": 0.3,
  "layout": "RC",
  "coords": [
    [
      40.0,
      50.0
    ],
    [
      25.0,
      85.0
    ],
    [
      22.0,
      75.0
    ],
    [
      22.0,
      85.0
    ],
    [
      20.0,
      80.0
    ],
    [
      20.0,
      85.0
    ],
    [
      18.0,
      75.0
    ],
    [
      15.0,
      75.0
    ],
    [
      15.0,
      80.0
    ],
    [
      10.0,
      35.0
    ],
    [
      10.0,
      40.0
    ],
    [
      8.0,
      40.0
    ],
    [
      8.0,
      45.0
    ],
    [
      5.0,
      35.0
    ],
    [
      5.0,
      45.0
    ],
    [
      2.0,
      40.0
    ],
    [
      0.0,
      40.0
    ],
    [
      0.0,
      45.0
    ],
    [
      44.0,
      5.0
    ],
    [
      42.0,
      10.0
    ],
    [
      42.0,
      15.0
    ]
  ],
  "c": [
    [
      0.0,
      38.07886552931954,
      30.805843601498726,
      39.35733730830886,
      36.05551275463989,
      40.311288741492746,
      33.301651610693426,
      35.35533905932738,
      39.05124837953327,
      33.54101966249684,
      31.622776601683793,
      33.52610922848042,
      32.38826948140329,
      38.07886552931954,
      35.35533905932738,
      39.293765408777,
      41.23105625617661,
      40.311288741492746,
      45.17742799230607,
      40.049968789001575,
      35.05709628591621
    ],
    [
      38.07886552931954,
      0.0,
      10.44030650891055,
      3.0,
      7.0710678118654755,
      5.0,
      12.206555615733702,
      14.142135623730951,
      11.180339887498949,
      52.20153254455275,
      47.43416490252569,
      48.104053883222775,
      43.46262762420146,
      53.85164807134504,
      44.721359549995796,
      50.53711507397311,
      51.478150704935004,
      47.16990566028302,
      82.22530024268686,
      76.90253571892151,
      72.03471385380801
    ],
    [
      30.805843601498726,
      10.44030650891055,
      0.0,
      10.0,
      5.385164807134504,
      10.198039027185569,
      4.0,
      7.0,
      8.602325267042627,
      41.7612260356422,
      37.0,
      37.69615364994153,
      33.1058907144937,
      43.46262762420146,
      34.48187929913333,
      40.311288741492746,
      41.340053217188775,
      37.20215047547655,
      73.37574531137656,
      68.00735254367721,
      63.245553203367585
    ],
    [
      39.35733730830886,
      3.0,
      10.0,
      0.0,
      5.385164807134504,
      2.0,
      10.770329614269007,
      12.206555615733702,
      8.602325267042627,
      51.419840528729765,
      46.57252408878007,
      47.12748667179272,
      42.37924020083418,
      52.81098370604357,
      43.46262762420146,
      49.24428900898052,
      50.08991914547278,
      45.65084884205331,
      82.96987405076617,
      77.62087348130012,
      72.80109889280519
    ],
    [
      36.05551275463989,
      7.0710678118654755,
      5.385164807134504,
      5.385164807134504,
      0.0,
      5.0,
      5.385164807134504,
      7.0710678118654755,
      5.0,
      46.09772228646444,
      41.23105625617661,
      41.7612260356422,
      37.0,
      47.43416490252569,
      38.07886552931954,
      43.86342439892262,
      44.721359549995796,
      40.311288741492746,
      78.74642849044012,
      73.37574531137656,
      68.62215385719105
    ],
    [
      40.311288741492746,
      5.0,
      10.198039027185569,
      2.0,
      5.0,
      0.0,
      10.198039027185569,
      11.180339887498949,
      7.0710678118654755,
      50.99019513592785,
      46.09772228646444,
      46.57252408878007,
      41.7612260356422,
      52.20153254455275,
      42.720018726587654,
      48.46648326421054,
      49.24428900898052,
      44.721359549995796,
      83.5224520712844,
      78.16009211867653,
      73.37574531137656
    ],
    [
      33.301651610693426,
      12.206555615733702,
      4.0,
      10.770329614269007,
      5.385164807134504,
      10.198039027185569,
      0.0,
      3.0,
      5.830951894845301,
      40.792156108742276,
      35.90264614203248,
      36.40054944640259,
      31.622776601683793,
      42.05948168962618,
      32.69556544854363,
      38.48376280978771,
      39.35733730830886,
      34.9857113690718,
      74.67261881037788,
      69.28924880528002,
      64.62197768561404
    ],
    [
      35.35533905932738,
      14.142135623730951,
      7.0,
      12.206555615733702,
      7.0710678118654755,
      11.180339887498949,
      3.0,
      0.0,
      5.0,
      40.311288741492746,
      35.35533905932738,
      35.6931365951495,
      30.805843601498726,
      41.23105625617661,
      31.622776601683793,
      37.33630940518894,
      38.07886552931954,
      33.54101966249684,
      75.76938695805846,
      70.3846574190711,
      65.79513659838392
    ],
    [
      39.05124837953327,
      11.180339887498949,
      8.602325267042627,
      8.602325267042627,
      5.0,
      7.0710678118654755,
      5.830951894845301,
      5.0,
      0.0,
      45.27692569068709,
      40.311288741492746,
      40.607881008493905,
      35.6931365951495,
      46.09772228646444,
      36.40054944640259,
      42.05948168962618,
      42.720018726587654,
      38.07886552931954,
      80.4114419718985,
      75.02666192761077,
      70.3846574190711
    ],
    [
      33.54101966249684,
      52.20153254455275,
      41.7612260356422,
      51.419840528729765,
      46.09772228646444,
      50.99019513592785,
      40.792156108742276,
      40.311288741492746,
      45.27692569068709,
      0.0,
      5.0,
      5.385164807134504,
      10.198039027185569,
      5.0,
      11.180339887498949,
      9.433981132056603,
      11.180339887498949,
      14.142135623730951,
      45.34313619501854,
      40.607881008493905,
      37.73592452822641
    ],
    [
      31.622776601683793,
      47.43416490252569,
      37.0,
      46.57252408878007,
      41.23105625617661,
      46.09772228646444,
      35.90264614203248,
      35.35533905932738,
      40.311288741492746,
      5.0,
      0.0,
      2.0,
      5.385164807134504,
      7.0710678118654755,
      7.0710678118654755,
      8.0,
      10.0,
      11.180339887498949,
      48.79549159502341,
      43.86342439892262,
      40.607881008493905
    ],
    [
      33.52610922848042,
      48.104053883222775,
      37.69615364994153,
      47.12748667179272,
      41.7612260356422,
      46.57252408878007,
      36.40054944640259,
      35.6931365951495,
      40.607881008493905,
      5.385164807134504,
      2.0,
      0.0,
      5.0,
      5.830951894845301,
      5.830951894845301,
      6.0,
      8.0,
      9.433981132056603,
      50.20956084253277,
      45.34313619501854,
      42.20189569201838
    ],
    [
      32.38826948140329,
      43.46262762420146,
      33.1058907144937,
      42.37924020083418,
      37.0,
      41.7612260356422,
      31.622776601683793,
      30.805843601498726,
      35.6931365951495,
      10.198039027185569,
      5.385164807134504,
      5.0,
      0.0,
      10.44030650891055,
      3.0,
      7.810249675906654,
      9.433981132056603,
      8.0,
      53.81449618829484,
      48.79549159502341,
      45.34313619501854
    ],
    [
      38.07886552931954,
      53.85164807134504,
      43.46262762420146,
      52.81098370604357,
      47.43416490252569,
      52.20153254455275,
      42.05948168962618,
      41.23105625617661,
      46.09772228646444,
      5.0,
      7.0710678118654755,
      5.830951894845301,
      10.44030650891055,
      0.0,
      10.0,
      5.830951894845301,
      7.0710678118654755,
      11.180339887498949,
      49.20365840057018,
      44.654227123532216,
      42.05948168962618
    ],
    [
      35.35533905932738,
      44.721359549995796,
      34.48187929913333,
      43.46262762420146,
      38.07886552931954,
      42.720018726587654,
      32.69556544854363,
      31.622776601683793,
      36.40054944640259,
      11.180339887498949,
      7.0710678118654755,
