{
  "name": "r-n21-k6",
  "n": 21,
  "m": 6,
  "prob_compat": 0.3,
  "layout": "R",
  "coords": [
    [
      50.0,
      50.0
    ],
    [
      44.845701791052846,
      94.71637142340875
    ],
    [
      47.4473327007585,
      76.82329776490684
    ],
    [
      79.09022849995179,
      93.41011557883179
    ],
    [
      25.405773300282785,
      79.59208427423154
    ],
    [
      57.461634007680665,
      13.897699698571275
    ],
    [
      75.53547427050607,
      18.789952115089335
    ],
    [
      81.98440346972966,
      14.604080121559615
    ],
    [
      65.78218088820383,
      71.35759691642751
    ],
    [
      34.381695481158424,
      42.35236706905631
    ],
    [
      96.54349761532077,
      20.63938731856817
    ],
    [
      79.53744821842736,
      85.03492401027827
    ],
    [
      60.42992669027408,
      59.33174766742607
    ],
    [
      44.27644028798655,
      95.74499135261276
    ],
    [
      70.42921635012583,
      94.8154726813358
    ],
    [
      73.06295405426832,
      91.14341659705278
    ],
    [
      48.224015306352996,
      88.10594686346306
    ],
    [
      58.2469507512699,
      98.48528559208854
    ],
    [
      21.921032317391663,
      12.261975022130557
    ],
    [
      45.335168703173714,
      5.278580143400657
    ],
    [
      51.21839804848728,
      19.678273344847174
    ]
  ],
  "c": [
    [
      0.0,
      45.01245009220229,
      26.94448762410362,
      52.255904247720586,
      38.47814234926505,
      36.86532339637233,
      40.32527166924104,
      47.70611291391728,
      26.556057305868656,
      17.39016174420818,
      55.03038022125984,
      45.82473947184261,
      13.99517364283143,
      46.10166341497451,
      49.25220271553146,
      47.166519682799674,
      38.14731062595552,
      49.18165425888255,
      47.038143621440476,
      44.964052809083924,
      30.34619582673194
    ],
    [
      45.01245009220229,
      0.0,
      18.08122142829158,
      34.26943118652518,
      24.630365029715257,
      81.79742933039884,
      81.89434219665814,
      88.3021085819024,
      31.368272242083023,
      53.39929194358434,
      90.33305965789323,
      36.01732491724591,
      38.664449615402006,
      1.1756349848609318,
      25.583706499520783,
      28.442561971051745,
      7.423659142928961,
      13.921141752909278,
      85.58193709174694,
      89.4391306247123,
      75.30821615758366
    ],
    [
      26.94448762410362,
      18.08122142829158,
      0.0,
      35.726676024379074,
      22.214781555057385,
      63.717478941589,
      64.47335034069017,
      71.1620706658479,
      19.132186070121072,
      36.864019571830866,
      74.61276836011447,
      33.12410481101345,
      21.783068459454594,
      19.185542653790275,
      29.18707478142393,
      29.346649905792805,
      11.309350403581302,
      24.204823210713602,
      69.42446546829724,
      71.57588879150401,
      57.26931770002203
    ],
    [
      52.255904247720586,
      34.26943118652518,
      35.726676024379074,
      0.0,
      55.43427386752875,
      82.40157995346088,
      74.70478614511528,
      78.85916226570333,
      25.756896369559744,
      67.86565116154134,
      74.83445392559916,
      8.387123421445716,
      38.85282516282939,
      34.891997571743566,
      8.774289717406843,
      6.43940692281417,
      31.31864177568671,
      21.452262770443546,
      99.26397991200125,
      94.37463430440786,
      78.8240032726858
    ],
    [
      38.47814234926505,
      24.630365029715257,
      22.214781555057385,
      55.43427386752875,
      0.0,
      73.09808732427166,
      78.80283113227468,
      86.1660146206075,
      41.207536589218265,
      38.30618378954708,
      92.3904556708572,
      54.40462051917991,
      40.46198907748729,
      24.839856675182947,
      47.52748655942176,
      49.03713037944108,
      24.354835750542502,
      37.887939933497286,
      67.42022716972774,
      76.93944175341922,
      65.23769107252062
    ],
    [
      36.86532339637233,
      81.79742933039884,
      63.717478941589,
      82.40157995346088,
      73.09808732427166,
      0.0,
      18.724257943989546,
      24.532941026113924,
      58.05920502967283,
      36.63811754925451,
      39.659077334348105,
      74.48386574179352,
      45.530906824768344,
      82.90252399370956,
      81.95025427842377,
      78.80546913987892,
      74.78099722895375,
      84.59123128126771,
      35.578223167056706,
      14.877512651237618,
      8.50840918869002
    ],
    [
      40.32527166924104,
      81.89434219665814,
      64.47335034069017,
      74.70478614511528,
      78.80283113227468,
      18.724257943989546,
      0.0,
      7.688316601364373,
      53.46479226332893,
      47.42173454340833,
      21.08927346847554,
      66.36574490559278,
      43.26447450629816,
      83.06145477638276,
      76.19680864260793,
      72.39569862058416,
      74.50250276807613,
      81.54899891160709,
      54.01039595179866,
      33.08497587905393,
      24.33329633639286
    ],
    [
      47.70611291391728,
      88.3021085819024,
      71.1620706658479,
      78.85916226570333,
      86.1660146206075,
      24.532941026113924,
      7.688316601364373,
      0.0,
      59.020959710654125,
      55.09977528416789,
      15.760461773134974,
      70.47333794335935,
      49.650374755178284,
      89.47478953717264,
      81.0394338933064,
      77.0575258348034,
      80.88441273500348,
      87.17524472434938,
      60.10901771348688,
      37.81707760809626,
      31.18163764857729
    ],
    [
      26.556057305868656,
      31.368272242083023,
      19.132186070121072,
      25.756896369559744,
      41.207536589218265,
      58.05920502967283,
      53.46479226332893,
      59.020959710654125,
      0.0,
      42.746857689155405,
      59.31774938075783,
      19.397851833594846,
      13.16311798773243,
      32.51525620612442,
      23.91373818511511,
      21.08289160266928,
      24.265127334264225,
      28.15477199517242,
      73.59410901033158,
      69.17020142362414,
      53.69223645387219
    ],
    [
      17.39016174420818,
      53.39929194358434,
      36.864019571830866,
      67.86565116154134,
      38.30618378954708,
      36.63811754925451,
      47.42173454340833,
      55.09977528416789,
      42.746857689155405,
      0.0,
      65.8448413637079,
      62.13567954331896,
      31.09356387788062,
      54.301733882789364,
      63.65376038604344,
      62.26400468041862,
      47.80167237813046,
      60.9955322218026,
      32.56838681940735,
      38.65804253495411,
      28.24161963405991
    ],
    [
      55.03038022125984,
      90.33305965789323,
      74.61276836011447,
      74.83445392559916,
      92.3904556708572,
      39.659077334348105,
      21.08927346847554,
      15.760461773134974,
      59.31774938075783,
      65.8448413637079,
      0.0,
      66.60323462042186,
      52.92720240409698,
      91.50244280333469,
      78.63871391205672,
      74.31119747671879,
      82.98499278442759,
      86.75603367905732,
      75.09123360236624,
      53.4625789412306,
      45.33528858200697
    ],
    [
      45.82473947184261,
      36.01732491724591,
      33.12410481101345,
      8.387123421445716,
      54.40462051917991,
      74.48386574179352,
      66.36574490559278,
      70.47333794335935,
      19.397851833594846,
      62.13567954331896,
      66.60323462042186,
      0.0,
      32.027342272823674,
      36.85165156065531,
      13.364842687950683,
      8.90127835563008,
      31.46366574485187,
      25.183278362446693,
